n,metodo,operacion,parametro,consultas,promedio_ms,p95_ms,resultados_promedio,verificadas
1000,secuencial,radio,1000,100,5.58779692,6.418219,0.25,True
1000,rtree,radio,1000,100,0.04992178,0.07438,0.25,True
1000,gist,radio,1000,100,0.29396829,0.58798,0.25,True
1000,secuencial,radio,5000,100,5.41514677,5.923411,6.55,True
1000,rtree,radio,5000,100,0.1118952,0.15674,6.55,True
1000,gist,radio,5000,100,0.26125347,0.325634,6.55,True
1000,secuencial,radio,10000,100,5.59468814,6.532671,26.62,True
1000,rtree,radio,10000,100,0.29370828,0.365364,26.62,True
1000,gist,radio,10000,100,0.35694499,0.43481,26.62,True
1000,secuencial,knn,10,100,5.58141617,6.228926,10,True
1000,rtree,knn,10,100,0.51213886,0.712421,10,True
1000,gist,knn,10,100,0.1824944,0.225226,10,True
1000,secuencial,knn,50,100,5.58148106,6.135352,50,True
1000,rtree,knn,50,100,1.0431792500000001,1.323998,50,True
1000,gist,knn,50,100,0.2504728,0.298401,50,True
1000,secuencial,knn,100,100,5.69991398,6.973464,100,True
1000,rtree,knn,100,100,1.5851956,2.176834,100,True
1000,gist,knn,100,100,0.42820163,0.759747,100,True
10000,secuencial,radio,1000,100,51.9810095,55.223302,2.83,True
10000,rtree,radio,1000,100,0.15063532,0.19805,2.83,True
10000,gist,radio,1000,100,0.6481738,0.782688,2.83,True
10000,secuencial,radio,5000,100,50.87230709,54.153496,65.64,True
10000,rtree,radio,5000,100,0.73012116,0.899773,65.64,True
10000,gist,radio,5000,100,0.83932785,1.067255,65.64,True
10000,secuencial,radio,10000,100,52.13187745,56.032215,262.21,True
10000,rtree,radio,10000,100,2.46038148,2.763412,262.21,True
10000,gist,radio,10000,100,1.64725333,1.897427,262.21,True
10000,secuencial,knn,10,100,52.3450027,56.065751,10,True
10000,rtree,knn,10,100,0.97452538,1.293434,10,True
10000,gist,knn,10,100,0.55835658,0.67133,10,True
10000,secuencial,knn,50,100,52.22202028,54.3218,50,True
10000,rtree,knn,50,100,1.78894791,2.311539,50,True
10000,gist,knn,50,100,0.64777478,0.765318,50,True
10000,secuencial,knn,100,100,54.65966617,63.923953,100,True
10000,rtree,knn,100,100,2.61769106,3.479352,100,True
10000,gist,knn,100,100,0.72443801,0.88775,100,True
100000,secuencial,radio,1000,100,536.09111726,625.385827,26.36,True
100000,rtree,radio,1000,100,0.63290393,0.809847,26.36,True
100000,gist,radio,1000,100,0.80283702,0.99169,26.36,True
100000,secuencial,radio,5000,100,514.47314449,540.96153,649.09,True
100000,rtree,radio,5000,100,6.54615157,7.413448,649.09,True
100000,gist,radio,5000,100,3.53567266,4.097157,649.09,True
100000,secuencial,radio,10000,100,545.03748552,641.181942,2597.43,True
100000,rtree,radio,10000,100,26.60689357,31.469286,2597.43,True
100000,gist,radio,10000,100,11.27580893,13.433109,2597.43,True
100000,secuencial,knn,10,100,549.19493444,712.968034,10,True
100000,rtree,knn,10,100,2.23504031,3.440535,10,True
100000,gist,knn,10,100,0.65159247,0.887821,10,True
100000,secuencial,knn,50,100,523.67659092,556.615131,50,True
100000,rtree,knn,50,100,3.26322933,4.267816,50,True
100000,gist,knn,50,100,0.73441493,0.88281,50,True
100000,secuencial,knn,100,100,522.5200288,549.460991,100,True
100000,rtree,knn,100,100,4.18901451,5.420227,100,True
100000,gist,knn,100,100,0.8286839,0.987727,100,True
