n,metodo,construccion_ms,datos_python_ram_bytes,indice_ram_bytes,indice_disco_bytes,gist_cache_bytes,tabla_pg_disco_bytes,entrada_csv_bytes,carga_pg_ms
1000,secuencial,0,196056,0,0,,,42507,
1000,rtree,16.577347,196056,0,45188,,,42507,
1000,gist,33.807645,,,81920,81920,90112,42507,25.849481
10000,secuencial,0,1960056,0,0,,,435267,
10000,rtree,119.539931,1960056,0,444252,,,435267,
10000,gist,452.31724,,,778240,778240,1245184,435267,134.930498
100000,secuencial,0,19600056,0,0,,,4453012,
100000,rtree,1153.902569,19600056,0,4428252,,,4453012,
100000,gist,2987.077267,,,8200192,8200192,8585216,4453012,1052.037135
