n,metodo,construccion_ms,datos_python_ram_bytes,indice_ram_bytes,indice_disco_bytes,gist_cache_bytes,tabla_pg_disco_bytes,entrada_csv_bytes,carga_pg_ms
1000,secuencial,0,196056,0,0,,,42507,
1000,rtree,90.576484,196056,260278,0,,,42507,
1000,gist,11.800606,,,81920,81920,90112,42507,9.314166
10000,secuencial,0,1960056,0,0,,,435267,
10000,rtree,1104.068628,1960056,2654574,0,,,435267,
10000,gist,207.584076,,,786432,786432,1245184,435267,62.320304
100000,secuencial,0,19600056,0,0,,,4453012,
100000,rtree,15179.350336,19600056,26610998,0,,,4453012,
100000,gist,1964.689443,,,8069120,8069120,8585216,4453012,639.381211
