suite,technique,operation,records,samples,median_seconds,min_seconds,max_seconds,median_unit_seconds,min_unit_seconds,max_unit_seconds,data_bytes,index_bytes,logical_accesses,unique_pages
external,external,group_by,1000,3,0.004907434999040561,0.004870790002314607,0.006754869998985669,4.90743499904056e-06,4.870790002314607e-06,6.754869998985669e-06,0,0,0,0
external,external,group_by,10000,3,0.03000236000298173,0.028222954999364447,0.0302744700020412,3.000236000298173e-06,2.822295499936445e-06,3.02744700020412e-06,0,0,0,0
external,external,group_by,100000,3,0.3802394619997358,0.29660754300130066,0.45288715599963325,3.802394619997358e-06,2.9660754300130065e-06,4.5288715599963325e-06,0,0,0,0
external,external,join,1000,3,0.014894985000864835,0.014458214001933811,0.015586017001623986,7.447492500432418e-06,7.229107000966906e-06,7.793008500811993e-06,0,0,0,0
external,external,join,10000,3,0.09911289099909482,0.08435589900182094,0.1514245899998059,4.955644549954741e-06,4.217794950091047e-06,7.571229499990295e-06,0,0,0,0
external,external,join,100000,3,2.1361106730000756,2.037005688998761,2.1923963359986374,1.0680553365000379e-05,1.0185028444993805e-05,1.0961981679993187e-05,0,0,0,0
external,external,order_by,1000,3,0.004727952000393998,0.0040728619969740976,0.004990131998056313,4.727952000393998e-06,4.072861996974097e-06,4.990131998056313e-06,0,0,0,0
external,external,order_by,10000,3,0.030958413000917062,0.030496390998450806,0.04294213599860086,3.095841300091706e-06,3.0496390998450806e-06,4.294213599860086e-06,0,0,0,0
external,external,order_by,100000,3,0.424503045000165,0.3755860319979547,0.4674011149982107,4.24503045000165e-06,3.755860319979547e-06,4.674011149982107e-06,0,0,0,0
external,memory,group_by,1000,3,0.00026788399918586947,0.00026354199872002937,0.00029009200079599395,2.6788399918586946e-07,2.635419987200294e-07,2.9009200079599395e-07,0,0,0,0
external,memory,group_by,10000,3,0.0014431329982471652,0.0013677759998245165,0.0017195470027218107,1.4431329982471652e-07,1.3677759998245164e-07,1.7195470027218107e-07,0,0,0,0
external,memory,group_by,100000,3,0.029999351001606556,0.015697751001425786,0.05119038900011219,2.9999351001606557e-07,1.5697751001425785e-07,5.11903890001122e-07,0,0,0,0
external,memory,join,1000,3,0.00039407900112564676,0.0003795910015469417,0.0006092279982112814,1.9703950056282339e-07,1.8979550077347084e-07,3.046139991056407e-07,0,0,0,0
external,memory,join,10000,3,0.005596596998657333,0.0054116339997563045,0.006064772001991514,2.7982984993286663e-07,2.705816999878152e-07,3.032386000995757e-07,0,0,0,0
external,memory,join,100000,3,0.10577369200109388,0.08896202699907008,0.16213787699962268,5.288684600054694e-07,4.4481013499535036e-07,8.106893849981134e-07,0,0,0,0
external,memory,order_by,1000,3,0.0006103390005591791,0.0005853930015291553,0.0006389349982782733,6.103390005591791e-07,5.853930015291553e-07,6.389349982782732e-07,0,0,0,0
external,memory,order_by,10000,3,0.00673969299896271,0.006174474998260848,0.007504758003051393,6.73969299896271e-07,6.174474998260848e-07,7.504758003051393e-07,0,0,0,0
external,memory,order_by,100000,3,0.10558204399785609,0.10192471200207365,0.10722332500154153,1.055820439978561e-06,1.0192471200207364e-06,1.0722332500154151e-06,0,0,0,0
indexes,clustered,build,1000,3,0.08696727300048224,0.07123933099865098,0.11100063900084933,8.696727300048224e-05,7.123933099865099e-05,0.00011100063900084933,20500,32520,5513,68
indexes,clustered,build,10000,3,1.1580059260013513,1.014988885999628,1.1819523330013908,0.00011580059260013514,0.00010149888859996281,0.00011819523330013908,204820,327532,60812,676
indexes,clustered,build,100000,3,14.307015329999558,13.916600708002079,15.07760045300165,0.00014307015329999558,0.0001391660070800208,0.0001507760045300165,2011156,3274508,702060,6741
indexes,clustered,delete,1000,9,0.025494939000054728,0.018054929001664277,0.05857160100276815,0.0002549493900005473,0.00018054929001664276,0.0005857160100276815,20500,32520,2015,58
indexes,clustered,delete,10000,9,0.31012253999870154,0.2672992539992265,0.34898389500085614,0.00031012253999870154,0.00026729925399922647,0.0003489838950008561,204820,327532,24472,595
indexes,clustered,delete,100000,9,4.20000090800022,3.7516992349992506,4.94801126099992,0.00042000009080002203,0.00037516992349992504,0.000494801126099992,2011156,3274508,278451,5965
indexes,clustered,equality_refs,1000,3,0.006446837000112282,0.004805807999218814,0.007121323000319535,5.3723641667602354e-05,4.004839999349012e-05,5.934435833599612e-05,20500,32520,373,58
indexes,clustered,equality_refs,10000,3,0.008125606000248808,0.006589947999600554,0.008492798002407653,6.771338333540673e-05,5.491623333000462e-05,7.077331668673045e-05,204820,327532,492,137
indexes,clustered,equality_refs,100000,3,0.010542520998569671,0.009417784000106622,0.013291481998749077,8.785434165474726e-05,7.848153333422185e-05,0.00011076234998957565,2011156,3274508,494,223
indexes,clustered,equality_rows,1000,3,0.006558787998073967,0.00651146299787797,0.008025655999517767,5.4656566650616396e-05,5.4262191648983084e-05,6.688046666264806e-05,20500,32520,473,63
indexes,clustered,equality_rows,10000,3,0.00797074500223971,0.007510236999223707,0.009413208998012124,6.642287501866425e-05,6.258530832686423e-05,7.84434083167677e-05,204820,327532,592,179
indexes,clustered,equality_rows,100000,3,0.012892574999568751,0.010736411997640971,0.012991564999538241,0.00010743812499640626,8.947009998034142e-05,0.00010826304166281868,2011156,3274508,594,316
indexes,clustered,insert,1000,9,0.02705726299973321,0.018124597998394165,0.22519018999810214,0.0002705726299973321,0.00018124597998394164,0.0022519018999810213,22108,30948,2007,64
indexes,clustered,insert,10000,9,0.3352692530024797,0.2725892729977204,2.116159406999941,0.00033526925300247966,0.0002725892729977204,0.002116159406999941,220876,307620,24360,587
indexes,clustered,insert,100000,9,4.450069129998155,3.682779049999226,20.043517444999452,0.0004450069129998155,0.00036827790499992263,0.0020043517444999453,2208652,3087440,277279,5823
indexes,clustered,ordered_rows,1000,3,0.01128748699920834,0.009573393002938246,0.013058800002909265,1.128748699920834e-05,9.573393002938247e-06,1.3058800002909266e-05,20500,32520,1060,65
indexes,clustered,ordered_rows,10000,3,0.1077566640014993,0.09200432599755004,0.10784968100051628,1.0775666400149931e-05,9.200432599755004e-06,1.0784968100051628e-05,204820,327532,10591,641
indexes,clustered,ordered_rows,100000,3,1.2725439979985822,1.240770104999683,1.5199414039998373,1.2725439979985822e-05,1.240770104999683e-05,1.5199414039998373e-05,2011156,3274508,105885,6376
indexes,clustered,physical_load,1000,3,0.0007330410007853061,0.0006852120022813324,0.0007803929984220304,7.330410007853061e-07,6.852120022813324e-07,7.803929984220303e-07,20500,0,6,6
indexes,clustered,physical_load,10000,3,0.008345843001734465,0.008012577000044985,0.011146666001877747,8.345843001734465e-07,8.012577000044985e-07,1.1146666001877748e-06,204820,0,51,51
indexes,clustered,physical_load,100000,3,0.128321871998196,0.1065372170014598,0.16589899899918237,1.28321871998196e-06,1.065372170014598e-06,1.6589899899918236e-06,2011156,0,492,492
indexes,clustered,range_0.001,1000,3,0.00030771899764658883,0.00027587899967329577,0.000408752999646822,6.154379952931777e-05,5.5175799934659155e-05,8.17505999293644e-05,20500,32520,21,13
indexes,clustered,range_0.001,10000,3,0.0008455120005237404,0.0007685749988013413,0.001290274998609675,0.00016910240010474807,0.00015371499976026825,0.00025805499972193503,204820,327532,74,21
indexes,clustered,range_0.001,100000,3,0.0063976710007409565,0.004781837000336964,0.006412554997950792,0.0012795342001481913,0.0009563674000673927,0.0012825109995901584,2011156,3274508,550,54
indexes,clustered,range_0.01,1000,3,0.0007731460027571302,0.0007200750005722512,0.0010710159986047074,0.00015462920055142604,0.00014401500011445022,0.0002142031997209415,20500,32520,68,15
indexes,clustered,range_0.01,10000,3,0.005970094000076642,0.004551215999526903,0.006208488000993384,0.0011940188000153285,0.0009102431999053806,0.0012416976001986767,204820,327532,550,52
indexes,clustered,range_0.01,100000,3,0.05801363200225751,0.05692359199747443,0.06101197700263583,0.011602726400451503,0.011384718399494887,0.012202395400527167,2011156,3274508,5314,338
indexes,clustered,range_0.1,1000,3,0.00548388900278951,0.00527206200058572,0.006483744000433944,0.001096777800557902,0.001054412400117144,0.0012967488000867888,20500,32520,545,38
indexes,clustered,range_0.1,10000,3,0.04668023600243032,0.043242118998023216,0.052352278002217645,0.009336047200486064,0.008648423799604643,0.010470455600443528,204820,327532,5315,317
indexes,clustered,range_0.1,100000,3,0.6220376040000701,0.5611154059988621,0.7896763749995444,0.12440752080001402,0.11222308119977242,0.15793527499990886,2011156,3274508,52962,2181
indexes,hash,build,1000,3,0.06556348499725573,0.053020813000330236,0.09585079699900234,6.556348499725573e-05,5.3020813000330236e-05,9.585079699900234e-05,20480,16924,3127,37
indexes,hash,build,10000,3,0.6578835260006599,0.6383191830027499,0.7211133119999431,6.5788352600066e-05,6.383191830027499e-05,7.211133119999431e-05,167936,270364,32083,553
indexes,hash,build,100000,3,9.924392482000258,9.227756118998514,11.709899656001653,9.924392482000257e-05,9.227756118998513e-05,0.00011709899656001652,1613824,2162716,316772,4490
indexes,hash,delete,1000,9,0.014754933999938658,0.012872716000856599,0.018750783998257248,0.00014754933999938658,0.000128727160008566,0.0001875078399825725,20480,16924,700,37
indexes,hash,delete,10000,9,0.11757958899761434,0.11462836700229673,0.17212240499793552,0.00011757958899761433,0.00011462836700229673,0.00017212240499793553,167936,270364,7000,482
indexes,hash,delete,100000,9,1.3889364979986567,1.0397591680011828,1.8767328809990431,0.00013889364979986568,0.00010397591680011828,0.0001876732880999043,1613824,2162716,70000,4204
indexes,hash,equality_refs,1000,3,0.004614025001501432,0.004236853998008883,0.005181233002076624,3.845020834584526e-05,3.530711665007402e-05,4.317694168397186e-05,20480,16924,120,32
indexes,hash,equality_refs,10000,3,0.002819352001097286,0.002465254998242017,0.0028549989983730484,2.349460000914405e-05,2.0543791652016808e-05,2.37916583197754e-05,167936,270364,120,109
indexes,hash,equality_refs,100000,3,0.0036585799971362576,0.003346465000504395,0.005110469999635825,3.0488166642802147e-05,2.7887208337536624e-05,4.258724999696521e-05,1613824,2162716,120,117
indexes,hash,equality_rows,1000,3,0.005527997000172036,0.0044730709996656515,0.006297826999798417,4.6066641668100296e-05,3.727559166388043e-05,5.248189166498681e-05,20480,16924,220,33
indexes,hash,equality_rows,10000,3,0.003617828002461465,0.0034476789987820666,0.0040567270007159095,3.0148566687178875e-05,2.8730658323183887e-05,3.380605833929925e-05,167936,270364,220,111
indexes,hash,equality_rows,100000,3,0.004325575999246212,0.003858697000396205,0.006110639998951228,3.60464666603851e-05,3.215580833663504e-05,5.092199999126024e-05,1613824,2162716,220,119
indexes,hash,insert,1000,9,0.012277888999960851,0.010429930000100285,0.01646065899694804,0.0001227788899996085,0.00010429930000100285,0.00016460658996948042,20480,16924,800,37
indexes,hash,insert,10000,9,0.12062516999867512,0.10630342200238374,0.1338798090000637,0.00012062516999867512,0.00010630342200238374,0.0001338798090000637,167936,270364,8000,482
indexes,hash,insert,100000,9,1.1810509339993587,0.9735447710008884,1.6856198370005586,0.00011810509339993587,9.735447710008884e-05,0.00016856198370005586,1613824,2162716,80000,4204
indexes,hash,ordered_rows,1000,3,0.014050163001229521,0.012631530000362545,0.01772126899959403,1.4050163001229521e-05,1.2631530000362545e-05,1.7721268999594032e-05,20480,16924,1005,5
indexes,hash,ordered_rows,10000,3,0.12500425200050813,0.11852809099946171,0.12938793400098803,1.2500425200050813e-05,1.1852809099946172e-05,1.2938793400098802e-05,167936,270364,10041,41
indexes,hash,ordered_rows,100000,3,1.2431369870027993,1.1188781239980017,1.290967515000375,1.2431369870027992e-05,1.1188781239980016e-05,1.2909675150003749e-05,1613824,2162716,100394,394
indexes,hash,range_0.001,1000,3,0.04904116300167516,0.04815133699958096,0.06180247500014957,0.009808232600335032,0.009630267399916192,0.012360495000029914,20480,16924,5025,5
indexes,hash,range_0.001,10000,3,0.479368981999869,0.4594735370010312,0.492639471001894,0.0958737963999738,0.09189470740020625,0.0985278942003788,167936,270364,50205,41
indexes,hash,range_0.001,100000,3,4.7621134239998355,4.662786615997902,5.159365362000244,0.9524226847999671,0.9325573231995804,1.0318730724000489,1613824,2162716,501970,394
indexes,hash,range_0.01,1000,3,0.045957062000525184,0.045292511000297964,0.05910463599866489,0.009191412400105037,0.009058502200059593,0.011820927199732979,20480,16924,5025,5
indexes,hash,range_0.01,10000,3,0.47693599500053097,0.44705985999826225,0.5191645489976509,0.0953871990001062,0.08941197199965245,0.10383290979953017,167936,270364,50205,41
indexes,hash,range_0.01,100000,3,5.019718032999663,4.746367789000942,5.47539426000003,1.0039436065999325,0.9492735578001884,1.095078852000006,1613824,2162716,501970,394
indexes,hash,range_0.1,1000,3,0.044690197999443626,0.04410529100277927,0.04793072900065454,0.008938039599888726,0.008821058200555853,0.009586145800130907,20480,16924,5025,5
indexes,hash,range_0.1,10000,3,0.4925175130010757,0.4664850219996879,0.49494830099865794,0.09850350260021515,0.09329700439993757,0.09898966019973159,167936,270364,50205,41
indexes,hash,range_0.1,100000,3,5.304786259999673,4.9813824519987975,6.491817041998729,1.0609572519999346,0.9962764903997595,1.2983634083997457,1613824,2162716,501970,394
indexes,unclustered,build,1000,3,0.07048478800061275,0.0672420399969269,0.08003005700084032,7.048478800061276e-05,6.72420399969269e-05,8.003005700084032e-05,20480,23612,4314,50
indexes,unclustered,build,10000,3,0.9891790740002762,0.900605799000914,1.2176235299994005,9.891790740002762e-05,9.00605799000914e-05,0.00012176235299994005,167936,243692,50193,506
indexes,unclustered,build,100000,3,13.516845458001626,12.721734081002069,14.158483857001556,0.00013516845458001625,0.0001272173408100207,0.00014158483857001556,1613824,2459164,589295,5087
indexes,unclustered,delete,1000,9,0.018371499001659686,0.017107953997765435,0.03289551499983645,0.00018371499001659686,0.00017107953997765434,0.0003289551499983645,20480,23612,1112,47
indexes,unclustered,delete,10000,9,0.2519477519999782,0.22443417200338445,0.42835504799950286,0.0002519477519999782,0.00022443417200338444,0.00042835504799950287,167936,243692,11184,470
indexes,unclustered,delete,100000,9,3.0569230610017257,2.4961761129998195,3.379667133001931,0.0003056923061001726,0.0002496176112999819,0.0003379667133001931,1613824,2459164,131888,4696
indexes,unclustered,equality_refs,1000,3,0.006821499002398923,0.006668857000477146,0.008472513996821363,5.684582501999103e-05,5.5573808337309555e-05,7.060428330684469e-05,20480,23612,362,44
indexes,unclustered,equality_refs,10000,3,0.011534014000062598,0.00874326499979361,0.013697313002921874,9.611678333385499e-05,7.286054166494675e-05,0.00011414427502434895,167936,243692,368,110
indexes,unclustered,equality_refs,100000,3,0.011146535001898883,0.009667185997386696,0.011475530001916923,9.288779168249069e-05,8.05598833115558e-05,9.562941668264102e-05,1613824,2459164,488,196
indexes,unclustered,equality_rows,1000,3,0.0077104810006858315,0.007165081999119138,0.009716714001115179,6.42540083390486e-05,5.9709016659326154e-05,8.097261667595982e-05,20480,23612,462,45
indexes,unclustered,equality_rows,10000,3,0.012908871001855005,0.009388719001435675,0.014456844997766893,0.00010757392501545838,7.823932501196395e-05,0.00012047370831472412,167936,243692,468,112
indexes,unclustered,equality_rows,100000,3,0.0135931389995676,0.010590387999400264,0.014567166999768233,0.00011327615832973,8.825323332833553e-05,0.00012139305833140195,1613824,2459164,588,198
indexes,unclustered,insert,1000,9,0.01438757399955648,0.01295688699974562,0.02084539399947971,0.0001438757399955648,0.0001295688699974562,0.0002084539399947971,20480,23612,1000,45
indexes,unclustered,insert,10000,9,0.17186113500065403,0.15523927100002766,0.25790298999709194,0.00017186113500065403,0.00015523927100002764,0.0002579029899970919,167936,243692,10000,463
indexes,unclustered,insert,100000,9,2.0775412610018975,1.8734598650007683,2.230813974998455,0.00020775412610018974,0.00018734598650007683,0.00022308139749984549,1613824,2459164,110000,4597
indexes,unclustered,ordered_rows,1000,3,0.010909900000115158,0.009089569000934716,0.01217740499851061,1.0909900000115158e-05,9.089569000934716e-06,1.2177404998510611e-05,20480,23612,1044,48
indexes,unclustered,ordered_rows,10000,3,0.13707637900006375,0.10412891599844443,0.2523714330018265,1.3707637900006374e-05,1.0412891599844442e-05,2.5237143300182653e-05,167936,243692,10450,490
indexes,unclustered,ordered_rows,100000,3,1.261130757000501,1.0087329640009557,1.7044939869992959,1.2611307570005011e-05,1.0087329640009557e-05,1.7044939869992958e-05,1613824,2459164,104475,4868
indexes,unclustered,range_0.001,1000,3,0.00034491100086597726,0.00029348799944273196,0.00041124999916064553,6.898220017319545e-05,5.8697599888546394e-05,8.224999983212911e-05,20480,23612,20,10
indexes,unclustered,range_0.001,10000,3,0.001298856001085369,0.0008304430011776276,0.0013885230000596493,0.00025977120021707377,0.0001660886002355255,0.0002777046000119299,167936,243692,67,42
indexes,unclustered,range_0.001,100000,3,0.006296216997725423,0.004871665001701331,0.006643594002525788,0.0012592433995450847,0.0009743330003402662,0.0013287188005051576,1613824,2459164,542,325
indexes,unclustered,range_0.01,1000,3,0.0007797610014677048,0.0006885389993840363,0.0008856189997459296,0.00015595220029354095,0.00013770779987680725,0.00017712379994918592,20480,23612,65,12
indexes,unclustered,range_0.01,10000,3,0.007136201002140297,0.005015298000216717,0.008385069002542878,0.0014272402004280593,0.0010030596000433433,0.0016770138005085754,167936,243692,539,75
indexes,unclustered,range_0.01,100000,3,0.05771350400027586,0.049505723000038415,0.05976716100121848,0.011542700800055173,0.009901144600007683,0.011953432200243697,1613824,2459164,5242,630
indexes,unclustered,range_0.1,1000,3,0.0059329079995222855,0.0052130599979136605,0.006903632001922233,0.0011865815999044572,0.001042611999582732,0.0013807264003844466,20480,23612,537,29
indexes,unclustered,range_0.1,10000,3,0.06315676599842845,0.05349251000006916,0.1427353149992996,0.012631353199685691,0.010698502000013831,0.02854706299985992,167936,243692,5234,256
indexes,unclustered,range_0.1,100000,3,0.650962976997107,0.6202392330014845,0.6524637969996547,0.1301925953994214,0.12404784660029691,0.13049275939993094,1613824,2459164,52243,1919
storage,heap,equality,1000,3,0.014859445000183769,0.014392271001270274,0.01880142400113982,0.0007429722500091884,0.0007196135500635136,0.000940071200056991,20480,0,100,5
storage,heap,equality,10000,3,0.1592172889977519,0.14796678100174177,0.16062215000056312,0.007960864449887594,0.007398339050087088,0.008031107500028157,167936,0,820,41
storage,heap,equality,100000,3,1.968272412999795,1.3300552309992781,2.1981952369969804,0.09841362064998975,0.0665027615499639,0.10990976184984902,1613824,0,7880,394
storage,heap,insert,1000,3,0.054957090000243625,0.05112631600059103,0.0823052590021689,5.495709000024362e-05,5.1126316000591035e-05,8.230525900216889e-05,20480,0,5008,5
storage,heap,insert,10000,3,0.5900625329995819,0.5895087760000024,0.5913704039994627,5.900625329995819e-05,5.895087760000024e-05,5.913704039994627e-05,167936,0,50080,41
storage,heap,insert,100000,3,5.914687664000667,5.345282706999569,6.586596272001771,5.9146876640006666e-05,5.345282706999569e-05,6.58659627200177e-05,1613824,0,500786,394
storage,sequential,equality,1000,3,0.002352727999095805,0.0021617870006593876,0.002386396001384128,0.00011763639995479024,0.00010808935003296938,0.00011931980006920639,20092,0,296,6
storage,sequential,equality,10000,3,0.0034942069978569634,0.003023924000444822,0.004284768998331856,0.00017471034989284816,0.0001511962000222411,0.0002142384499165928,200812,0,365,35
storage,sequential,equality,100000,3,0.004538258999673417,0.0043309239990776405,0.004551116999209626,0.00022691294998367084,0.00021654619995388203,0.00022755584996048128,2007868,0,425,96
storage,sequential,insert,1000,3,0.1606947440013755,0.1593805020020227,0.17788683500111802,0.0001606947440013755,0.0001593805020020227,0.000177886835001118,20092,0,17303,6
storage,sequential,insert,10000,3,2.101183149999997,1.9668692179984646,2.143993181998667,0.0002101183149999997,0.00019668692179984645,0.00021439931819986668,200812,0,210219,51
storage,sequential,insert,100000,3,26.006677522000246,25.938726237000083,27.380297643998347,0.00026006677522000244,0.0002593872623700008,0.00027380297643998347,2007868,0,2387554,492
storage,sequential,reorganize,1000,3,0.009088613998756045,0.008130862999678357,0.009268890000385,1.1360767498445057e-05,1.0163578749597946e-05,1.1586112500481248e-05,16404,0,1005,6
storage,sequential,reorganize,10000,3,0.10247096800230793,0.10202525799832074,0.10518302499986021,1.280887100028849e-05,1.2753157249790093e-05,1.3147878124982527e-05,163860,0,10041,51
storage,sequential,reorganize,100000,3,1.0684305619979568,0.9049058080017858,1.164440000000468,1.335538202497446e-05,1.1311322600022322e-05,1.455550000000585e-05,1609748,0,100394,492
