suite,technique,operation,records,repeat,cycle,status,seconds,units,data_bytes,index_bytes,logical_accesses,unique_pages,reorganizations,before_bytes
storage,heap,insert,1000,1,0,ok,0.17287895700064837,1000,20480,0,7473,5,,
storage,heap,equality,1000,1,0,ok,0.03637864100164734,20,20480,0,100,5,,
storage,sequential,insert,1000,1,0,ok,0.2794807070022216,1000,20092,0,17303,6,,
storage,sequential,equality,1000,1,0,ok,0.004696581996540772,20,20092,0,296,6,,
indexes,clustered,physical_load,1000,1,0,ok,0.001348693000181811,1000,20500,0,6,6,,
indexes,clustered,build,1000,1,0,ok,0.14590502999999444,1000,20500,32520,5513,68,,
indexes,clustered,equality_refs,1000,1,0,ok,0.01081383999917307,120,20500,32520,366,57,,
indexes,clustered,equality_rows,1000,1,0,ok,0.01172221900196746,120,20500,32520,466,62,,
indexes,clustered,range_0.001,1000,1,0,ok,0.0008235440000134986,5,20500,32520,21,13,,
indexes,clustered,range_0.01,1000,1,0,ok,0.0016821819990582298,5,20500,32520,67,14,,
indexes,clustered,range_0.1,1000,1,0,ok,0.008815113000309793,5,20500,32520,545,38,,
indexes,clustered,ordered_rows,1000,1,0,ok,0.015751065999211278,1000,20500,32520,1060,65,,
indexes,clustered,delete,1000,1,1,ok,0.03343603500252357,100,20500,32520,2008,63,,
indexes,clustered,insert,1000,1,1,ok,0.03383442899939837,100,22108,32520,1999,64,0,
indexes,clustered,delete,1000,1,2,ok,0.03355979900152306,100,22108,32520,2028,56,,
indexes,clustered,insert,1000,1,2,ok,0.15113062299860758,100,20500,30948,7372,68,1,
indexes,clustered,delete,1000,1,3,ok,0.03217604699966614,100,20500,30948,2009,54,,
indexes,clustered,insert,1000,1,3,ok,0.03289465499983635,100,22108,30948,2007,53,0,
indexes,unclustered,build,1000,1,0,ok,0.10323393799990299,1000,20480,23612,4314,50,,
indexes,unclustered,equality_refs,1000,1,0,ok,0.008719683999515837,120,20480,23612,362,44,,
indexes,unclustered,equality_rows,1000,1,0,ok,0.010540328999923076,120,20480,23612,462,45,,
indexes,unclustered,range_0.001,1000,1,0,ok,0.0004949930007569492,5,20480,23612,20,10,,
indexes,unclustered,range_0.01,1000,1,0,ok,0.0010859470021387096,5,20480,23612,65,12,,
indexes,unclustered,range_0.1,1000,1,0,ok,0.007527657999162329,5,20480,23612,536,28,,
indexes,unclustered,ordered_rows,1000,1,0,ok,0.014224814000044717,1000,20480,23612,1044,48,,
indexes,unclustered,delete,1000,1,1,ok,0.026709418001701124,100,20480,23612,1106,49,,
indexes,unclustered,insert,1000,1,1,ok,0.02168866200008779,100,20480,23612,1045,49,0,
indexes,unclustered,delete,1000,1,2,ok,0.026262157000019215,100,20480,23612,1110,46,,
indexes,unclustered,insert,1000,1,2,ok,0.02165966800021124,100,20480,23612,1063,45,0,
indexes,unclustered,delete,1000,1,3,ok,0.025903698999172775,100,20480,23612,1104,45,,
indexes,unclustered,insert,1000,1,3,ok,0.020210947001032764,100,20480,23612,1047,45,0,
indexes,hash,build,1000,1,0,ok,0.07337102400197182,1000,20480,16924,3127,37,,
indexes,hash,equality_refs,1000,1,0,ok,0.00424538900188054,120,20480,16924,120,32,,
indexes,hash,equality_rows,1000,1,0,ok,0.005981914000585675,120,20480,16924,220,33,,
indexes,hash,range_0.001,1000,1,0,ok,0.062082652999379206,5,20480,16924,5025,5,,
indexes,hash,range_0.01,1000,1,0,ok,0.06494403800024884,5,20480,16924,5025,5,,
indexes,hash,range_0.1,1000,1,0,ok,0.06347265799922752,5,20480,16924,5025,5,,
indexes,hash,ordered_rows,1000,1,0,ok,0.014923480001016287,1000,20480,16924,1005,5,,
indexes,hash,delete,1000,1,1,ok,0.020582703000400215,100,20480,16924,700,35,,
indexes,hash,insert,1000,1,1,ok,0.017690698001388228,100,20480,16924,845,35,0,
indexes,hash,delete,1000,1,2,ok,0.019198698999389308,100,20480,16924,700,37,,
indexes,hash,insert,1000,1,2,ok,0.017908859001181554,100,20480,16924,863,37,0,
indexes,hash,delete,1000,1,3,ok,0.020478545000514714,100,20480,16924,700,37,,
indexes,hash,insert,1000,1,3,ok,0.019089792000158923,100,20480,16924,847,37,0,
storage,sequential,reorganize,1000,1,0,ok,0.015179305999481585,800,16404,0,1005,6,,20092
storage,heap,insert,1000,2,0,ok,0.1269442800003162,1000,20480,0,7473,5,,
storage,heap,equality,1000,2,0,ok,0.022909171999344835,20,20480,0,100,5,,
storage,sequential,insert,1000,2,0,ok,0.24201129699940793,1000,20092,0,17303,6,,
storage,sequential,equality,1000,2,0,ok,0.004478839997318573,20,20092,0,296,6,,
indexes,unclustered,build,1000,2,0,ok,0.12920412799940095,1000,20480,23612,4314,50,,
indexes,unclustered,equality_refs,1000,2,0,ok,0.009324899001512676,120,20480,23612,362,44,,
indexes,unclustered,equality_rows,1000,2,0,ok,0.01184479299990926,120,20480,23612,462,45,,
indexes,unclustered,range_0.001,1000,2,0,ok,0.0004935369979648385,5,20480,23612,20,10,,
indexes,unclustered,range_0.01,1000,2,0,ok,0.001259847998881014,5,20480,23612,65,12,,
indexes,unclustered,range_0.1,1000,2,0,ok,0.008198106999770971,5,20480,23612,536,28,,
indexes,unclustered,ordered_rows,1000,2,0,ok,0.02621318099772907,1000,20480,23612,1044,48,,
indexes,unclustered,delete,1000,2,1,ok,0.030968548999226186,100,20480,23612,1106,49,,
indexes,unclustered,insert,1000,2,1,ok,0.024093812000501202,100,20480,23612,1045,49,0,
indexes,unclustered,delete,1000,2,2,ok,0.029471555000782246,100,20480,23612,1110,46,,
indexes,unclustered,insert,1000,2,2,ok,0.02448316699883435,100,20480,23612,1063,45,0,
indexes,unclustered,delete,1000,2,3,ok,0.028607860000192886,100,20480,23612,1104,45,,
indexes,unclustered,insert,1000,2,3,ok,0.023747040999296587,100,20480,23612,1047,45,0,
indexes,hash,build,1000,2,0,ok,0.09139054700062843,1000,20480,16924,3127,37,,
indexes,hash,equality_refs,1000,2,0,ok,0.006895627000631066,120,20480,16924,120,32,,
indexes,hash,equality_rows,1000,2,0,ok,0.009135659998719348,120,20480,16924,220,33,,
indexes,hash,range_0.001,1000,2,0,ok,0.07303144300021813,5,20480,16924,5025,5,,
indexes,hash,range_0.01,1000,2,0,ok,0.07093466100195656,5,20480,16924,5025,5,,
indexes,hash,range_0.1,1000,2,0,ok,0.06981245299903094,5,20480,16924,5025,5,,
indexes,hash,ordered_rows,1000,2,0,ok,0.017119973999797367,1000,20480,16924,1005,5,,
indexes,hash,delete,1000,2,1,ok,0.021690489000320667,100,20480,16924,700,35,,
indexes,hash,insert,1000,2,1,ok,0.021630146002280526,100,20480,16924,845,35,0,
indexes,hash,delete,1000,2,2,ok,0.022213951997400727,100,20480,16924,700,37,,
indexes,hash,insert,1000,2,2,ok,0.021403468999778852,100,20480,16924,863,37,0,
indexes,hash,delete,1000,2,3,ok,0.022595343998546014,100,20480,16924,700,37,,
indexes,hash,insert,1000,2,3,ok,0.02094221700099297,100,20480,16924,847,37,0,
indexes,clustered,physical_load,1000,2,0,ok,0.0016479209989483934,1000,20500,0,6,6,,
indexes,clustered,build,1000,2,0,ok,0.14053381600024295,1000,20500,32520,5513,68,,
indexes,clustered,equality_refs,1000,2,0,ok,0.009257346999220317,120,20500,32520,366,57,,
indexes,clustered,equality_rows,1000,2,0,ok,0.011153965999255888,120,20500,32520,466,62,,
indexes,clustered,range_0.001,1000,2,0,ok,0.00047780900058569387,5,20500,32520,21,13,,
indexes,clustered,range_0.01,1000,2,0,ok,0.0011380050018487964,5,20500,32520,67,14,,
indexes,clustered,range_0.1,1000,2,0,ok,0.009024109000165481,5,20500,32520,545,38,,
indexes,clustered,ordered_rows,1000,2,0,ok,0.016767192999395775,1000,20500,32520,1060,65,,
indexes,clustered,delete,1000,2,1,ok,0.03860672699738643,100,20500,32520,2008,63,,
indexes,clustered,insert,1000,2,1,ok,0.03460756899949047,100,22108,32520,1999,64,0,
indexes,clustered,delete,1000,2,2,ok,0.03536663399790996,100,22108,32520,2028,56,,
indexes,clustered,insert,1000,2,2,ok,0.16125585100235185,100,20500,30948,7372,68,1,
indexes,clustered,delete,1000,2,3,ok,0.03319370699682622,100,20500,30948,2009,54,,
indexes,clustered,insert,1000,2,3,ok,0.032673728001100244,100,22108,30948,2007,53,0,
storage,sequential,reorganize,1000,2,0,ok,0.012866674998804228,800,16404,0,1005,6,,20092
storage,heap,insert,1000,3,0,ok,0.10428694799702498,1000,20480,0,7473,5,,
storage,heap,equality,1000,3,0,ok,0.02250631499919109,20,20480,0,100,5,,
storage,sequential,insert,1000,3,0,ok,0.22050482199847465,1000,20092,0,17303,6,,
storage,sequential,equality,1000,3,0,ok,0.003811503996985266,20,20092,0,296,6,,
indexes,hash,build,1000,3,0,ok,0.07689343800302595,1000,20480,16924,3127,37,,
indexes,hash,equality_refs,1000,3,0,ok,0.004657915997086093,120,20480,16924,120,32,,
indexes,hash,equality_rows,1000,3,0,ok,0.006153248999908101,120,20480,16924,220,33,,
indexes,hash,range_0.001,1000,3,0,ok,0.059426527001051,5,20480,16924,5025,5,,
indexes,hash,range_0.01,1000,3,0,ok,0.0652332559984643,5,20480,16924,5025,5,,
indexes,hash,range_0.1,1000,3,0,ok,0.06573819099867251,5,20480,16924,5025,5,,
indexes,hash,ordered_rows,1000,3,0,ok,0.017362121998303337,1000,20480,16924,1005,5,,
indexes,hash,delete,1000,3,1,ok,0.02091858099811361,100,20480,16924,700,35,,
indexes,hash,insert,1000,3,1,ok,0.01789987699885387,100,20480,16924,845,35,0,
indexes,hash,delete,1000,3,2,ok,0.02042838800116442,100,20480,16924,700,37,,
indexes,hash,insert,1000,3,2,ok,0.01923812999666552,100,20480,16924,863,37,0,
indexes,hash,delete,1000,3,3,ok,0.027177091000339715,100,20480,16924,700,37,,
indexes,hash,insert,1000,3,3,ok,0.022085980999690946,100,20480,16924,847,37,0,
indexes,clustered,physical_load,1000,3,0,ok,0.0011963430006289855,1000,20500,0,6,6,,
indexes,clustered,build,1000,3,0,ok,0.15972211200278252,1000,20500,32520,5513,68,,
indexes,clustered,equality_refs,1000,3,0,ok,0.008838142999593401,120,20500,32520,366,57,,
indexes,clustered,equality_rows,1000,3,0,ok,0.012039960998663446,120,20500,32520,466,62,,
indexes,clustered,range_0.001,1000,3,0,ok,0.0005229479975241702,5,20500,32520,21,13,,
indexes,clustered,range_0.01,1000,3,0,ok,0.0012159770012658555,5,20500,32520,67,14,,
indexes,clustered,range_0.1,1000,3,0,ok,0.009114017000683816,5,20500,32520,545,38,,
indexes,clustered,ordered_rows,1000,3,0,ok,0.016836965001857607,1000,20500,32520,1060,65,,
indexes,clustered,delete,1000,3,1,ok,0.03575167600138229,100,20500,32520,2008,63,,
indexes,clustered,insert,1000,3,1,ok,0.03633142399849021,100,22108,32520,1999,64,0,
indexes,clustered,delete,1000,3,2,ok,0.0367575010022847,100,22108,32520,2028,56,,
indexes,clustered,insert,1000,3,2,ok,0.18234361199938576,100,20500,30948,7372,68,1,
indexes,clustered,delete,1000,3,3,ok,0.03360332299780566,100,20500,30948,2009,54,,
indexes,clustered,insert,1000,3,3,ok,0.03251069399993867,100,22108,30948,2007,53,0,
indexes,unclustered,build,1000,3,0,ok,0.10426822400040692,1000,20480,23612,4314,50,,
indexes,unclustered,equality_refs,1000,3,0,ok,0.009573211998940678,120,20480,23612,362,44,,
indexes,unclustered,equality_rows,1000,3,0,ok,0.011002074003044982,120,20480,23612,462,45,,
indexes,unclustered,range_0.001,1000,3,0,ok,0.00048212800174951553,5,20480,23612,20,10,,
indexes,unclustered,range_0.01,1000,3,0,ok,0.0011512839992064983,5,20480,23612,65,12,,
indexes,unclustered,range_0.1,1000,3,0,ok,0.007389284000964835,5,20480,23612,536,28,,
indexes,unclustered,ordered_rows,1000,3,0,ok,0.013591928996902425,1000,20480,23612,1044,48,,
indexes,unclustered,delete,1000,3,1,ok,0.0288415309987613,100,20480,23612,1106,49,,
indexes,unclustered,insert,1000,3,1,ok,0.021172272001422243,100,20480,23612,1045,49,0,
indexes,unclustered,delete,1000,3,2,ok,0.026775584999995772,100,20480,23612,1110,46,,
indexes,unclustered,insert,1000,3,2,ok,0.021159684998565353,100,20480,23612,1063,45,0,
indexes,unclustered,delete,1000,3,3,ok,0.02610608499890077,100,20480,23612,1104,45,,
indexes,unclustered,insert,1000,3,3,ok,0.02153430700127501,100,20480,23612,1047,45,0,
storage,sequential,reorganize,1000,3,0,ok,0.01380439300191938,800,16404,0,1005,6,,20092
storage,heap,insert,10000,1,0,ok,3.5381227799989574,10000,167936,0,251139,41,,
storage,heap,equality,10000,1,0,ok,0.27731675099857966,20,167936,0,820,41,,
storage,sequential,insert,10000,1,0,ok,3.1889242220022425,10000,200812,0,210219,51,,
storage,sequential,equality,10000,1,0,ok,0.005884529000468319,20,200812,0,365,35,,
indexes,clustered,physical_load,10000,1,0,ok,0.014539636998961214,10000,204820,0,51,51,,
indexes,clustered,build,10000,1,0,ok,1.7509830790004344,10000,204820,327532,60812,676,,
indexes,clustered,equality_refs,10000,1,0,ok,0.012495720999140758,120,204820,327532,483,129,,
indexes,clustered,equality_rows,10000,1,0,ok,0.013770912002655677,120,204820,327532,583,171,,
indexes,clustered,range_0.001,10000,1,0,ok,0.0015122040022106376,5,204820,327532,74,21,,
indexes,clustered,range_0.01,10000,1,0,ok,0.009294112001953181,5,204820,327532,549,51,,
indexes,clustered,range_0.1,10000,1,0,ok,0.1517489870020654,5,204820,327532,5315,317,,
indexes,clustered,ordered_rows,10000,1,0,ok,0.18217693000042345,10000,204820,327532,10591,641,,
indexes,clustered,delete,10000,1,1,ok,0.509103469998081,1000,204820,327532,24419,589,,
indexes,clustered,insert,10000,1,1,ok,0.4466703649995907,1000,220876,327532,24360,587,0,
indexes,clustered,delete,10000,1,2,ok,0.4270590189989889,1000,220876,327532,24680,599,,
indexes,clustered,insert,10000,1,2,ok,2.070683979000023,1000,200812,307620,82984,663,1,
indexes,clustered,delete,10000,1,3,ok,0.45087200200214284,1000,200812,307620,23406,574,,
indexes,clustered,insert,10000,1,3,ok,0.4618546099991363,1000,220876,307620,23379,575,0,
indexes,unclustered,build,10000,1,0,ok,1.4774878049975086,10000,167936,243692,50193,506,,
indexes,unclustered,equality_refs,10000,1,0,ok,0.013355994997255038,120,167936,243692,368,110,,
indexes,unclustered,equality_rows,10000,1,0,ok,0.016170489001524402,120,167936,243692,468,112,,
indexes,unclustered,range_0.001,10000,1,0,ok,0.0015595650002069306,5,167936,243692,67,42,,
indexes,unclustered,range_0.01,10000,1,0,ok,0.007901043001766084,5,167936,243692,539,75,,
indexes,unclustered,range_0.1,10000,1,0,ok,0.07973293199756881,5,167936,243692,5234,256,,
indexes,unclustered,ordered_rows,10000,1,0,ok,0.15767148600207292,10000,167936,243692,10450,490,,
indexes,unclustered,delete,10000,1,1,ok,0.38644260200089775,1000,167936,243692,11094,466,,
indexes,unclustered,insert,10000,1,1,ok,0.579889746997651,1000,167936,243692,28407,463,0,
indexes,unclustered,delete,10000,1,2,ok,0.21778735300176777,1000,167936,243692,11102,464,,
indexes,unclustered,insert,10000,1,2,ok,0.3216111260007892,1000,167936,243692,28301,460,0,
indexes,unclustered,delete,10000,1,3,ok,0.312662107997312,1000,167936,243692,11084,473,,
indexes,unclustered,insert,10000,1,3,ok,0.31186070799958543,1000,167936,243692,28013,469,0,
indexes,hash,build,10000,1,0,ok,0.6292542800001684,10000,167936,270364,32083,553,,
indexes,hash,equality_refs,10000,1,0,ok,0.002262407997477567,120,167936,270364,120,109,,
indexes,hash,equality_rows,10000,1,0,ok,0.003392151000298327,120,167936,270364,220,111,,
indexes,hash,range_0.001,10000,1,0,ok,0.44668384000033257,5,167936,270364,50205,41,,
indexes,hash,range_0.01,10000,1,0,ok,0.46470637500169687,5,167936,270364,50205,41,,
indexes,hash,range_0.1,10000,1,0,ok,0.4633378039980016,5,167936,270364,50205,41,,
indexes,hash,ordered_rows,10000,1,0,ok,0.11330396300036227,10000,167936,270364,10041,41,,
indexes,hash,delete,10000,1,1,ok,0.10826581700166571,1000,167936,270364,7000,482,,
indexes,hash,insert,10000,1,1,ok,0.2643326340003114,1000,167936,270364,26407,482,0,
indexes,hash,delete,10000,1,2,ok,0.11358987299900036,1000,167936,270364,7000,496,,
indexes,hash,insert,10000,1,2,ok,0.2686262099996384,1000,167936,270364,26301,496,0,
indexes,hash,delete,10000,1,3,ok,0.13320135400135769,1000,167936,270364,7000,481,,
indexes,hash,insert,10000,1,3,ok,0.3218867420000606,1000,167936,270364,26013,481,0,
storage,sequential,reorganize,10000,1,0,ok,0.11273134599832701,8000,163860,0,10041,51,,200812
storage,heap,insert,10000,2,0,ok,2.375373850001779,10000,167936,0,251139,41,,
storage,heap,equality,10000,2,0,ok,0.15861367999968934,20,167936,0,820,41,,
storage,sequential,insert,10000,2,0,ok,2.1026213980003376,10000,200812,0,210219,51,,
storage,sequential,equality,10000,2,0,ok,0.004163865000009537,20,200812,0,365,35,,
indexes,unclustered,build,10000,2,0,ok,1.1054787550019682,10000,167936,243692,50193,506,,
indexes,unclustered,equality_refs,10000,2,0,ok,0.011104981000244152,120,167936,243692,368,110,,
indexes,unclustered,equality_rows,10000,2,0,ok,0.011336824001773493,120,167936,243692,468,112,,
indexes,unclustered,range_0.001,10000,2,0,ok,0.0009906359991873614,5,167936,243692,67,42,,
indexes,unclustered,range_0.01,10000,2,0,ok,0.006049716001143679,5,167936,243692,539,75,,
indexes,unclustered,range_0.1,10000,2,0,ok,0.05618430899994564,5,167936,243692,5234,256,,
indexes,unclustered,ordered_rows,10000,2,0,ok,0.11991264300013427,10000,167936,243692,10450,490,,
indexes,unclustered,delete,10000,2,1,ok,0.24354921600024682,1000,167936,243692,11094,466,,
indexes,unclustered,insert,10000,2,1,ok,0.35608013000091887,1000,167936,243692,28407,463,0,
indexes,unclustered,delete,10000,2,2,ok,0.21742218999861507,1000,167936,243692,11102,464,,
indexes,unclustered,insert,10000,2,2,ok,0.3486578929987445,1000,167936,243692,28301,460,0,
indexes,unclustered,delete,10000,2,3,ok,0.24803825200069696,1000,167936,243692,11084,473,,
indexes,unclustered,insert,10000,2,3,ok,0.33270698900014395,1000,167936,243692,28013,469,0,
indexes,hash,build,10000,2,0,ok,0.653971209001611,10000,167936,270364,32083,553,,
indexes,hash,equality_refs,10000,2,0,ok,0.002989264001371339,120,167936,270364,120,109,,
indexes,hash,equality_rows,10000,2,0,ok,0.0037057389999972656,120,167936,270364,220,111,,
indexes,hash,range_0.001,10000,2,0,ok,0.45638038799734204,5,167936,270364,50205,41,,
indexes,hash,range_0.01,10000,2,0,ok,0.4432947690002038,5,167936,270364,50205,41,,
indexes,hash,range_0.1,10000,2,0,ok,0.491818789003446,5,167936,270364,50205,41,,
indexes,hash,ordered_rows,10000,2,0,ok,0.12779379199855612,10000,167936,270364,10041,41,,
indexes,hash,delete,10000,2,1,ok,0.11183687099764938,1000,167936,270364,7000,482,,
indexes,hash,insert,10000,2,1,ok,0.2612583709997125,1000,167936,270364,26407,482,0,
indexes,hash,delete,10000,2,2,ok,0.11671355399812455,1000,167936,270364,7000,496,,
indexes,hash,insert,10000,2,2,ok,0.2699716380011523,1000,167936,270364,26301,496,0,
indexes,hash,delete,10000,2,3,ok,0.1158865479992528,1000,167936,270364,7000,481,,
indexes,hash,insert,10000,2,3,ok,0.2884327649990155,1000,167936,270364,26013,481,0,
indexes,clustered,physical_load,10000,2,0,ok,0.008482061999529833,10000,204820,0,51,51,,
indexes,clustered,build,10000,2,0,ok,1.126195036998979,10000,204820,327532,60812,676,,
indexes,clustered,equality_refs,10000,2,0,ok,0.009998520003136946,120,204820,327532,483,129,,
indexes,clustered,equality_rows,10000,2,0,ok,0.01186506700105383,120,204820,327532,583,171,,
indexes,clustered,range_0.001,10000,2,0,ok,0.0011187860000063665,5,204820,327532,74,21,,
indexes,clustered,range_0.01,10000,2,0,ok,0.007069224000588292,5,204820,327532,549,51,,
indexes,clustered,range_0.1,10000,2,0,ok,0.06697551300021587,5,204820,327532,5315,317,,
indexes,clustered,ordered_rows,10000,2,0,ok,0.1108588819988654,10000,204820,327532,10591,641,,
indexes,clustered,delete,10000,2,1,ok,0.37328470799911884,1000,204820,327532,24419,589,,
indexes,clustered,insert,10000,2,1,ok,0.3100760320012341,1000,220876,327532,24360,587,0,
indexes,clustered,delete,10000,2,2,ok,0.34437669000180904,1000,220876,327532,24680,599,,
indexes,clustered,insert,10000,2,2,ok,1.4513475950006978,1000,200812,307620,82984,663,1,
indexes,clustered,delete,10000,2,3,ok,0.2825212930001726,1000,200812,307620,23406,574,,
indexes,clustered,insert,10000,2,3,ok,0.2901856139978918,1000,220876,307620,23379,575,0,
storage,sequential,reorganize,10000,2,0,ok,0.12410844400073984,8000,163860,0,10041,51,,200812
storage,heap,insert,10000,3,0,ok,2.6042355800018413,10000,167936,0,251139,41,,
storage,heap,equality,10000,3,0,ok,0.15936561600028654,20,167936,0,820,41,,
storage,sequential,insert,10000,3,0,ok,2.3111806019987853,10000,200812,0,210219,51,,
storage,sequential,equality,10000,3,0,ok,0.004551435999019304,20,200812,0,365,35,,
indexes,hash,build,10000,3,0,ok,0.8870669130010356,10000,167936,270364,32083,553,,
indexes,hash,equality_refs,10000,3,0,ok,0.002838305001205299,120,167936,270364,120,109,,
indexes,hash,equality_rows,10000,3,0,ok,0.004611423999449471,120,167936,270364,220,111,,
indexes,hash,range_0.001,10000,3,0,ok,0.6774543179999455,5,167936,270364,50205,41,,
indexes,hash,range_0.01,10000,3,0,ok,0.6926152449996152,5,167936,270364,50205,41,,
indexes,hash,range_0.1,10000,3,0,ok,0.6529753979993984,5,167936,270364,50205,41,,
indexes,hash,ordered_rows,10000,3,0,ok,0.20894415500151808,10000,167936,270364,10041,41,,
indexes,hash,delete,10000,3,1,ok,0.1894368499997654,1000,167936,270364,7000,482,,
indexes,hash,insert,10000,3,1,ok,0.5384869389999949,1000,167936,270364,26407,482,0,
indexes,hash,delete,10000,3,2,ok,0.1639477690005151,1000,167936,270364,7000,496,,
indexes,hash,insert,10000,3,2,ok,0.35484846500185085,1000,167936,270364,26301,496,0,
indexes,hash,delete,10000,3,3,ok,0.14359860500189825,1000,167936,270364,7000,481,,
indexes,hash,insert,10000,3,3,ok,0.36305747799997334,1000,167936,270364,26013,481,0,
indexes,clustered,physical_load,10000,3,0,ok,0.011436998000135645,10000,204820,0,51,51,,
indexes,clustered,build,10000,3,0,ok,1.651477530998818,10000,204820,327532,60812,676,,
indexes,clustered,equality_refs,10000,3,0,ok,0.01093256500098505,120,204820,327532,483,129,,
indexes,clustered,equality_rows,10000,3,0,ok,0.012583759998960886,120,204820,327532,583,171,,
indexes,clustered,range_0.001,10000,3,0,ok,0.0015327889996115118,5,204820,327532,74,21,,
indexes,clustered,range_0.01,10000,3,0,ok,0.00807625699962955,5,204820,327532,549,51,,
indexes,clustered,range_0.1,10000,3,0,ok,0.07782034800038673,5,204820,327532,5315,317,,
indexes,clustered,ordered_rows,10000,3,0,ok,0.14987843799826805,10000,204820,327532,10591,641,,
indexes,clustered,delete,10000,3,1,ok,0.4491834380023647,1000,204820,327532,24419,589,,
indexes,clustered,insert,10000,3,1,ok,0.38970598800005973,1000,220876,327532,24360,587,0,
indexes,clustered,delete,10000,3,2,ok,0.3972889699980442,1000,220876,327532,24680,599,,
indexes,clustered,insert,10000,3,2,ok,1.9707283719981206,1000,200812,307620,82984,663,1,
indexes,clustered,delete,10000,3,3,ok,0.435988790999545,1000,200812,307620,23406,574,,
indexes,clustered,insert,10000,3,3,ok,0.44436842900177,1000,220876,307620,23379,575,0,
indexes,unclustered,build,10000,3,0,ok,1.4881442320001952,10000,167936,243692,50193,506,,
indexes,unclustered,equality_refs,10000,3,0,ok,0.02208072999928845,120,167936,243692,368,110,,
indexes,unclustered,equality_rows,10000,3,0,ok,0.02617713899962837,120,167936,243692,468,112,,
indexes,unclustered,range_0.001,10000,3,0,ok,0.002382970000326168,5,167936,243692,67,42,,
indexes,unclustered,range_0.01,10000,3,0,ok,0.009577932996762684,5,167936,243692,539,75,,
indexes,unclustered,range_0.1,10000,3,0,ok,0.08589527200092562,5,167936,243692,5234,256,,
indexes,unclustered,ordered_rows,10000,3,0,ok,0.1795836160017643,10000,167936,243692,10450,490,,
indexes,unclustered,delete,10000,3,1,ok,0.34658899100031704,1000,167936,243692,11094,466,,
indexes,unclustered,insert,10000,3,1,ok,0.5131369939990691,1000,167936,243692,28407,463,0,
indexes,unclustered,delete,10000,3,2,ok,0.3285196420001739,1000,167936,243692,11102,464,,
indexes,unclustered,insert,10000,3,2,ok,0.47574212700055796,1000,167936,243692,28301,460,0,
indexes,unclustered,delete,10000,3,3,ok,0.3457490870023321,1000,167936,243692,11084,473,,
indexes,unclustered,insert,10000,3,3,ok,0.5169159159995615,1000,167936,243692,28013,469,0,
storage,sequential,reorganize,10000,3,0,ok,0.1432235190004576,8000,163860,0,10041,51,,200812
storage,heap,insert,100000,1,0,ok,271.4603511960013,100000,1613824,0,20158252,394,,
storage,heap,equality,100000,1,0,ok,2.6303604040003847,20,1613824,0,7880,394,,
storage,sequential,insert,100000,1,0,ok,27.585158904999844,100000,2007868,0,2387554,492,,
storage,sequential,equality,100000,1,0,ok,0.006072174001019448,20,2007868,0,425,96,,
indexes,clustered,physical_load,100000,1,0,ok,0.17510458900142112,100000,2011156,0,492,492,,
indexes,clustered,build,100000,1,0,ok,21.34058765499867,100000,2011156,3274508,702060,6741,,
indexes,clustered,equality_refs,100000,1,0,ok,0.011657332997856429,120,2011156,3274508,489,218,,
indexes,clustered,equality_rows,100000,1,0,ok,0.015302368999982718,120,2011156,3274508,589,311,,
indexes,clustered,range_0.001,100000,1,0,ok,0.008156380001310026,5,2011156,3274508,549,53,,
indexes,clustered,range_0.01,100000,1,0,ok,0.06953702100145165,5,2011156,3274508,5314,338,,
indexes,clustered,range_0.1,100000,1,0,ok,0.8270801039980142,5,2011156,3274508,52960,2181,,
indexes,clustered,ordered_rows,100000,1,0,ok,1.7420128479971027,100000,2011156,3274508,105885,6376,,
indexes,clustered,delete,100000,1,1,ok,4.788128137999593,10000,2011156,3274508,277468,5866,,
indexes,clustered,insert,100000,1,1,ok,4.981875861001754,10000,2208652,3274508,276879,5823,0,
indexes,clustered,delete,100000,1,2,ok,5.171641155000543,10000,2208652,3274508,280611,5914,,
indexes,clustered,insert,100000,1,2,ok,24.74990550399889,10000,2007868,3087440,958666,6664,1,
indexes,clustered,delete,100000,1,3,ok,5.433695869996882,10000,2007868,3087440,277866,5581,,
indexes,clustered,insert,100000,1,3,ok,5.478129032999277,10000,2208652,3087440,277279,5564,0,
indexes,unclustered,build,100000,1,0,ok,18.693410287000006,100000,1613824,2459164,589295,5087,,
indexes,unclustered,equality_refs,100000,1,0,ok,0.016120143998705316,120,1613824,2459164,488,196,,
indexes,unclustered,equality_rows,100000,1,0,ok,0.01920724099909421,120,1613824,2459164,588,198,,
indexes,unclustered,range_0.001,100000,1,0,ok,0.010385614001279464,5,1613824,2459164,542,325,,
indexes,unclustered,range_0.01,100000,1,0,ok,0.0876920099981362,5,1613824,2459164,5241,629,,
indexes,unclustered,range_0.1,100000,1,0,ok,0.8307422809994023,5,1613824,2459164,52243,1919,,
indexes,unclustered,ordered_rows,100000,1,0,ok,1.7165910590010753,100000,1613824,2459164,104475,4868,,
indexes,unclustered,delete,100000,1,1,ok,4.156237609000527,10000,1613824,2459164,130980,4648,,
indexes,unclustered,insert,100000,1,1,ok,29.840896189001796,10000,1613824,2459164,2055311,4597,0,
indexes,unclustered,delete,100000,1,2,ok,3.9350926610022725,10000,1613824,2459164,130974,4684,,
indexes,unclustered,insert,100000,1,2,ok,26.795893147998868,10000,1613824,2459164,2047539,4631,0,
indexes,unclustered,delete,100000,1,3,ok,3.97904321399983,10000,1613824,2459164,130882,4638,,
indexes,unclustered,insert,100000,1,3,ok,27.4975628889988,10000,1613824,2459164,2070019,4597,0,
indexes,hash,build,100000,1,0,ok,13.971969221001928,100000,1613824,2162716,316772,4490,,
indexes,hash,equality_refs,100000,1,0,ok,0.005195776997425128,120,1613824,2162716,120,117,,
indexes,hash,equality_rows,100000,1,0,ok,0.0061419720004778355,120,1613824,2162716,220,119,,
indexes,hash,range_0.001,100000,1,0,ok,6.528611641002499,5,1613824,2162716,501970,394,,
indexes,hash,range_0.01,100000,1,0,ok,5.79914123999697,5,1613824,2162716,501970,394,,
indexes,hash,range_0.1,100000,1,0,ok,7.688036943000043,5,1613824,2162716,501970,394,,
indexes,hash,ordered_rows,100000,1,0,ok,1.4834601590009697,100000,1613824,2162716,100394,394,,
indexes,hash,delete,100000,1,1,ok,1.585384822999913,10000,1613824,2162716,70000,4204,,
indexes,hash,insert,100000,1,1,ok,19.483742121999967,10000,1613824,2162716,2025311,4204,0,
indexes,hash,delete,100000,1,2,ok,2.0578482919991075,10000,1613824,2162716,70000,4189,,
indexes,hash,insert,100000,1,2,ok,29.994792882000183,10000,1613824,2162716,2017539,4189,0,
indexes,hash,delete,100000,1,3,ok,2.0126413669968315,10000,1613824,2162716,70000,4205,,
indexes,hash,insert,100000,1,3,ok,28.962513995000336,10000,1613824,2162716,2040019,4205,0,
storage,sequential,reorganize,100000,1,0,ok,1.105600806997245,80000,1609748,0,100394,492,,2007868
storage,heap,insert,100000,2,0,ok,271.932230841001,100000,1613824,0,20158252,394,,
storage,heap,equality,100000,2,0,ok,2.403982749001443,20,1613824,0,7880,394,,
storage,sequential,insert,100000,2,0,ok,34.483972902999085,100000,2007868,0,2387554,492,,
storage,sequential,equality,100000,2,0,ok,0.005177602000912884,20,2007868,0,425,96,,
indexes,unclustered,build,100000,2,0,ok,12.320516272000532,100000,1613824,2459164,589295,5087,,
indexes,unclustered,equality_refs,100000,2,0,ok,0.010618319000059273,120,1613824,2459164,488,196,,
indexes,unclustered,equality_rows,100000,2,0,ok,0.011364619000232778,120,1613824,2459164,588,198,,
indexes,unclustered,range_0.001,100000,2,0,ok,0.005380927999794949,5,1613824,2459164,542,325,,
indexes,unclustered,range_0.01,100000,2,0,ok,0.054547445997741306,5,1613824,2459164,5241,629,,
indexes,unclustered,range_0.1,100000,2,0,ok,0.5715100099987467,5,1613824,2459164,52243,1919,,
indexes,unclustered,ordered_rows,100000,2,0,ok,1.2663962699989497,100000,1613824,2459164,104475,4868,,
indexes,unclustered,delete,100000,2,1,ok,2.663634832999378,10000,1613824,2459164,130980,4648,,
indexes,unclustered,insert,100000,2,1,ok,26.965489533002255,10000,1613824,2459164,2055311,4597,0,
indexes,unclustered,delete,100000,2,2,ok,4.19218665399967,10000,1613824,2459164,130974,4684,,
indexes,unclustered,insert,100000,2,2,ok,31.152552176998142,10000,1613824,2459164,2047539,4631,0,
indexes,unclustered,delete,100000,2,3,ok,4.55370394199781,10000,1613824,2459164,130882,4638,,
indexes,unclustered,insert,100000,2,3,ok,31.420501676999265,10000,1613824,2459164,2070019,4597,0,
indexes,hash,build,100000,2,0,ok,13.564135723001527,100000,1613824,2162716,316772,4490,,
indexes,hash,equality_refs,100000,2,0,ok,0.004517419001786038,120,1613824,2162716,120,117,,
indexes,hash,equality_rows,100000,2,0,ok,0.006318653999187518,120,1613824,2162716,220,119,,
indexes,hash,range_0.001,100000,2,0,ok,7.4841386869993585,5,1613824,2162716,501970,394,,
indexes,hash,range_0.01,100000,2,0,ok,7.100482542999089,5,1613824,2162716,501970,394,,
indexes,hash,range_0.1,100000,2,0,ok,6.698071560000244,5,1613824,2162716,501970,394,,
indexes,hash,ordered_rows,100000,2,0,ok,1.9649466400005622,100000,1613824,2162716,100394,394,,
indexes,hash,delete,100000,2,1,ok,2.131529189002322,10000,1613824,2162716,70000,4204,,
indexes,hash,insert,100000,2,1,ok,23.220056035999733,10000,1613824,2162716,2025311,4204,0,
indexes,hash,delete,100000,2,2,ok,2.00189695500012,10000,1613824,2162716,70000,4189,,
indexes,hash,insert,100000,2,2,ok,29.687301798996486,10000,1613824,2162716,2017539,4189,0,
indexes,hash,delete,100000,2,3,ok,2.0244900789984968,10000,1613824,2162716,70000,4205,,
indexes,hash,insert,100000,2,3,ok,31.0115575719974,10000,1613824,2162716,2040019,4205,0,
indexes,clustered,physical_load,100000,2,0,ok,0.14945469400117872,100000,2011156,0,492,492,,
indexes,clustered,build,100000,2,0,ok,19.7805974719995,100000,2011156,3274508,702060,6741,,
indexes,clustered,equality_refs,100000,2,0,ok,0.013459949997923104,120,2011156,3274508,489,218,,
indexes,clustered,equality_rows,100000,2,0,ok,0.017914815001859097,120,2011156,3274508,589,311,,
indexes,clustered,range_0.001,100000,2,0,ok,0.009231683998223161,5,2011156,3274508,549,53,,
indexes,clustered,range_0.01,100000,2,0,ok,0.0775355869991472,5,2011156,3274508,5314,338,,
indexes,clustered,range_0.1,100000,2,0,ok,0.8530283280015283,5,2011156,3274508,52960,2181,,
indexes,clustered,ordered_rows,100000,2,0,ok,1.7548758410011942,100000,2011156,3274508,105885,6376,,
indexes,clustered,delete,100000,2,1,ok,5.442085317001329,10000,2011156,3274508,277468,5866,,
indexes,clustered,insert,100000,2,1,ok,5.32740186600131,10000,2208652,3274508,276879,5823,0,
indexes,clustered,delete,100000,2,2,ok,5.122433819000435,10000,2208652,3274508,280611,5914,,
indexes,clustered,insert,100000,2,2,ok,24.95773615700091,10000,2007868,3087440,958666,6664,1,
indexes,clustered,delete,100000,2,3,ok,4.780902622002031,10000,2007868,3087440,277866,5581,,
indexes,clustered,insert,100000,2,3,ok,5.494117972000822,10000,2208652,3087440,277279,5564,0,
storage,sequential,reorganize,100000,2,0,ok,1.7164834719987994,80000,1609748,0,100394,492,,2007868
storage,heap,insert,100000,3,0,ok,217.27094764200228,100000,1613824,0,20158252,394,,
storage,heap,equality,100000,3,0,ok,2.0864949060014624,20,1613824,0,7880,394,,
storage,sequential,insert,100000,3,0,ok,29.434564201001194,100000,2007868,0,2387554,492,,
storage,sequential,equality,100000,3,0,ok,0.007317923998925835,20,2007868,0,425,96,,
indexes,hash,build,100000,3,0,ok,11.984385313997336,100000,1613824,2162716,316772,4490,,
indexes,hash,equality_refs,100000,3,0,ok,0.004425322000315646,120,1613824,2162716,120,117,,
indexes,hash,equality_rows,100000,3,0,ok,0.005685386997356545,120,1613824,2162716,220,119,,
indexes,hash,range_0.001,100000,3,0,ok,6.379124862996832,5,1613824,2162716,501970,394,,
indexes,hash,range_0.01,100000,3,0,ok,6.450768133996462,5,1613824,2162716,501970,394,,
indexes,hash,range_0.1,100000,3,0,ok,6.76267761499912,5,1613824,2162716,501970,394,,
indexes,hash,ordered_rows,100000,3,0,ok,1.5567079579996062,100000,1613824,2162716,100394,394,,
indexes,hash,delete,100000,3,1,ok,1.6349283769995964,10000,1613824,2162716,70000,4204,,
indexes,hash,insert,100000,3,1,ok,25.07503432700105,10000,1613824,2162716,2025311,4204,0,
indexes,hash,delete,100000,3,2,ok,1.8089488069999788,10000,1613824,2162716,70000,4189,,
indexes,hash,insert,100000,3,2,ok,26.330722077000246,10000,1613824,2162716,2017539,4189,0,
indexes,hash,delete,100000,3,3,ok,1.7923506759980228,10000,1613824,2162716,70000,4205,,
indexes,hash,insert,100000,3,3,ok,26.04017720000047,10000,1613824,2162716,2040019,4205,0,
indexes,clustered,physical_load,100000,3,0,ok,0.176542878998589,100000,2011156,0,492,492,,
indexes,clustered,build,100000,3,0,ok,19.142444452001655,100000,2011156,3274508,702060,6741,,
indexes,clustered,equality_refs,100000,3,0,ok,0.01701168200088432,120,2011156,3274508,489,218,,
indexes,clustered,equality_rows,100000,3,0,ok,0.01771615899997414,120,2011156,3274508,589,311,,
indexes,clustered,range_0.001,100000,3,0,ok,0.009381740001117578,5,2011156,3274508,549,53,,
indexes,clustered,range_0.01,100000,3,0,ok,0.09090273500260082,5,2011156,3274508,5314,338,,
indexes,clustered,range_0.1,100000,3,0,ok,0.8967159229978279,5,2011156,3274508,52960,2181,,
indexes,clustered,ordered_rows,100000,3,0,ok,1.7497350640005607,100000,2011156,3274508,105885,6376,,
indexes,clustered,delete,100000,3,1,ok,4.699798806999752,10000,2011156,3274508,277468,5866,,
indexes,clustered,insert,100000,3,1,ok,3.3833581110011437,10000,2208652,3274508,276879,5823,0,
indexes,clustered,delete,100000,3,2,ok,5.595046649999858,10000,2208652,3274508,280611,5914,,
indexes,clustered,insert,100000,3,2,ok,26.954974606000178,10000,2007868,3087440,958666,6664,1,
indexes,clustered,delete,100000,3,3,ok,4.90987563300223,10000,2007868,3087440,277866,5581,,
indexes,clustered,insert,100000,3,3,ok,4.920115593999071,10000,2208652,3087440,277279,5564,0,
indexes,unclustered,build,100000,3,0,ok,18.310748600997613,100000,1613824,2459164,589295,5087,,
indexes,unclustered,equality_refs,100000,3,0,ok,0.01636616399991908,120,1613824,2459164,488,196,,
indexes,unclustered,equality_rows,100000,3,0,ok,0.018504694999137428,120,1613824,2459164,588,198,,
indexes,unclustered,range_0.001,100000,3,0,ok,0.010365017998992698,5,1613824,2459164,542,325,,
indexes,unclustered,range_0.01,100000,3,0,ok,0.08404620600049384,5,1613824,2459164,5241,629,,
indexes,unclustered,range_0.1,100000,3,0,ok,0.936713471000985,5,1613824,2459164,52243,1919,,
indexes,unclustered,ordered_rows,100000,3,0,ok,1.8298509839987673,100000,1613824,2459164,104475,4868,,
indexes,unclustered,delete,100000,3,1,ok,5.458143272997404,10000,1613824,2459164,130980,4648,,
indexes,unclustered,insert,100000,3,1,ok,32.050063020997186,10000,1613824,2459164,2055311,4597,0,
indexes,unclustered,delete,100000,3,2,ok,4.1689575130003504,10000,1613824,2459164,130974,4684,,
indexes,unclustered,insert,100000,3,2,ok,25.918785326000943,10000,1613824,2459164,2047539,4631,0,
indexes,unclustered,delete,100000,3,3,ok,4.133887246000086,10000,1613824,2459164,130882,4638,,
indexes,unclustered,insert,100000,3,3,ok,29.49804015599875,10000,1613824,2459164,2070019,4597,0,
storage,sequential,reorganize,100000,3,0,ok,1.5415487629979907,80000,1609748,0,100394,492,,2007868
external,external,order_by,1000,1,0,ok,0.004386346001410857,1000,0,0,0,0,,
external,memory,order_by,1000,1,0,ok,0.0005918889983149711,1000,0,0,0,0,,
external,external,group_by,1000,1,0,ok,0.005681233000359498,1000,0,0,0,0,,
external,memory,group_by,1000,1,0,ok,0.0003479839979263488,1000,0,0,0,0,,
external,external,join,1000,1,0,ok,0.014655214003141737,2000,0,0,0,0,,
external,memory,join,1000,1,0,ok,0.00038770899845985696,2000,0,0,0,0,,
external,memory,order_by,1000,2,0,ok,0.0005832259994349442,1000,0,0,0,0,,
external,external,order_by,1000,2,0,ok,0.003226925000490155,1000,0,0,0,0,,
external,memory,group_by,1000,2,0,ok,0.0002557219995651394,1000,0,0,0,0,,
external,external,group_by,1000,2,0,ok,0.0046038549990043975,1000,0,0,0,0,,
external,memory,join,1000,2,0,ok,0.0004152859983150847,2000,0,0,0,0,,
external,external,join,1000,2,0,ok,0.014835383000900038,2000,0,0,0,0,,
external,external,order_by,1000,3,0,ok,0.0037396439984149765,1000,0,0,0,0,,
external,memory,order_by,1000,3,0,ok,0.0006820920025347732,1000,0,0,0,0,,
external,external,group_by,1000,3,0,ok,0.004707019001216395,1000,0,0,0,0,,
external,memory,group_by,1000,3,0,ok,0.00025234900022041984,1000,0,0,0,0,,
external,external,join,1000,3,0,ok,0.014893969000695506,2000,0,0,0,0,,
external,memory,join,1000,3,0,ok,0.0003218630008632317,2000,0,0,0,0,,
external,external,order_by,10000,1,0,ok,0.05173699399892939,10000,0,0,0,0,,
external,memory,order_by,10000,1,0,ok,0.009165458999632392,10000,0,0,0,0,,
external,external,group_by,10000,1,0,ok,0.0428994750000129,10000,0,0,0,0,,
external,memory,group_by,10000,1,0,ok,0.0020269190026738215,10000,0,0,0,0,,
external,external,join,10000,1,0,ok,0.13346193399775075,20000,0,0,0,0,,
external,memory,join,10000,1,0,ok,0.007435176001308719,20000,0,0,0,0,,
external,memory,order_by,10000,2,0,ok,0.009252337000361877,10000,0,0,0,0,,
external,external,order_by,10000,2,0,ok,0.048341573998186504,10000,0,0,0,0,,
external,memory,group_by,10000,2,0,ok,0.0018697539999266155,10000,0,0,0,0,,
external,external,group_by,10000,2,0,ok,0.04344403899813187,10000,0,0,0,0,,
external,memory,join,10000,2,0,ok,0.005912131000513909,20000,0,0,0,0,,
external,external,join,10000,2,0,ok,0.13706395400004112,20000,0,0,0,0,,
external,external,order_by,10000,3,0,ok,0.05170912000176031,10000,0,0,0,0,,
external,memory,order_by,10000,3,0,ok,0.011092136999650393,10000,0,0,0,0,,
external,external,group_by,10000,3,0,ok,0.04393515800256864,10000,0,0,0,0,,
external,memory,group_by,10000,3,0,ok,0.004281603996787453,10000,0,0,0,0,,
external,external,join,10000,3,0,ok,0.14729860500301584,20000,0,0,0,0,,
external,memory,join,10000,3,0,ok,0.0806311820015253,20000,0,0,0,0,,
external,external,order_by,100000,1,0,ok,0.5089087340020342,100000,0,0,0,0,,
external,memory,order_by,100000,1,0,ok,0.12897344500015606,100000,0,0,0,0,,
external,external,group_by,100000,1,0,ok,0.4079582250014937,100000,0,0,0,0,,
external,memory,group_by,100000,1,0,ok,0.029675713001779513,100000,0,0,0,0,,
external,external,join,100000,1,0,ok,2.5960792070000025,200000,0,0,0,0,,
external,memory,join,100000,1,0,ok,0.12429681900175638,200000,0,0,0,0,,
external,memory,order_by,100000,2,0,ok,0.1351646469993284,100000,0,0,0,0,,
external,external,order_by,100000,2,0,ok,0.49493517100199824,100000,0,0,0,0,,
external,memory,group_by,100000,2,0,ok,0.022223302999918815,100000,0,0,0,0,,
external,external,group_by,100000,2,0,ok,0.42093844000191893,100000,0,0,0,0,,
external,memory,join,100000,2,0,ok,0.15161142600118183,200000,0,0,0,0,,
external,external,join,100000,2,0,ok,1.8126822269987315,200000,0,0,0,0,,
external,external,order_by,100000,3,0,ok,0.33165286400253535,100000,0,0,0,0,,
external,memory,order_by,100000,3,0,ok,0.10074840400193352,100000,0,0,0,0,,
external,external,group_by,100000,3,0,ok,0.2726919609995093,100000,0,0,0,0,,
external,memory,group_by,100000,3,0,ok,0.013796126000670483,100000,0,0,0,0,,
external,external,join,100000,3,0,ok,1.6623983019999287,200000,0,0,0,0,,
external,memory,join,100000,3,0,ok,0.10759908800173434,200000,0,0,0,0,,
