test,status,seconds,evidence
engine.parser.test_sql,ok,0.852697411999543,"OK: parser, ejecución, restricciones persistentes, JOIN externo, EXPLAIN, concurrencia y API"
engine.test_rtree,ok,27.884524326000246,"R-Tree: inserción, split, borrado, radio, kNN y polígonos verificados"
engine.parser.test_spatial_sql,ok,0.7677050569982384,"OK: SQL espacial, R-Tree sin scan, radio/kNN/polígonos, mantenimiento, persistencia, mapa/API y LIMIT"
Heap: borrado y reutilización del RID,ok,,
"Secuencial: orden, borrado lazy y reorganización",ok,,
"B+: split, duplicados, borrado y reapertura",ok,,
"Hash: split, duplicados, borrado y reapertura",ok,,
B+ agrupado: reorganización y persistencia de filas,ok,,
"R-Tree: carga STR, disco, radio/k-NN, cambios y reapertura",ok,,
